Parameter,Total Annual,Elec Annual,Gas Annual,Elec Jan,Elec Feb,Elec Mar,Elec Apr,Elec May,Elec Jun,Elec Jul,Elec Aug,Elec Sep,Elec Oct,Elec Nov,Elec Dec,Gas Jan,Gas Feb,Gas Mar,Gas Apr,Gas May,Gas Jun,Gas Jul,Gas Aug,Gas Sep,Gas Oct,Gas Nov,Gas Dec
air_leakage,0.004672522265276595,0.00982598104989367,0.016758090112468142,0.0027356379010196326,0.0033130866924350483,0.004120879120879099,0.008716831175490408,0.012762302122959776,0.017200841480014856,0.01925754060324822,0.018436828413075392,0.015409270216962524,0.008377479364297238,0.0026905829596411755,0.002355566575750034,0.030925200204464095,0.028200845042743346,0.023844140738586875,0.017096774193548422,0.00905224124768239,0.0020891364902506106,0.00068391656217944,0.0005698655117391972,0.0030370283845345767,0.014728178470868523,0.025401606425702824,0.03178807947019863
below_grade_wall_insul,0.00031711022656819184,0.00268287397715432,0.0028526066019959368,0.002729867229184748,0.0027552004408321097,0.0032410870107205825,0.0033307712016398296,0.0027036991520216153,0.002849708834097259,0.0018598163431360756,0.0020405849676906544,0.0030833744449926,0.0033243043585323324,0.002430910951893523,0.002102139235810581,0.008630459419405413,0.005720020070245934,0.0036481956221652984,0.0015228978570651643,0.00010952902519157618,0.00034782608695653494,0.00011390818999891918,0.00034176349965824943,0.00011686338670084032,0.0014201441992572608,0.004293600490697071,0.00659797541576287
control_option,0.020613730125620105,0.04398702249302659,0.0,0.03296835519191427,0.037878787878787804,0.04342624715875116,0.050177023562446584,0.05430602493881828,0.056838157740536674,0.05314808688940339,0.0480155726181464,0.044110690633869486,0.0398529237338394,0.03454680534918284,0.030164643672635393,0.0,0.0,0.0,0.0,0.0,0.0,0.0,0.0,0.0,0.0,0.0,0.0
cool_sizing_factor,0.019774425770175425,0.06664183505602629,0.019359254031395788,0.060345900211521815,0.06119629783119225,0.062031015507753806,0.06516709511568115,0.06789895255699328,0.07492544731610339,0.0755793641551183,0.07474724525729863,0.07101323765928486,0.06386658431130329,0.060664358086443555,0.05985130111524161,0.036455270894582135,0.03383750242388981,0.03151260504201678,0.018366257341163896,0.0065295461965392786,0.0009269988412514287,0.0,0.00034176349965824943,0.0015170965106779725,0.014639397201291704,0.031101426307448502,0.038665392301676975
cooling_coil_cop_dining,0.005950670216023773,0.012948962239023077,0.0,0.0,0.00041430741610276394,0.0006249999999999645,0.006268389407701099,0.011360860004886302,0.02211092108477892,0.03678551216751556,0.04635616438356169,0.018297145645279334,0.003326761951700296,0.0006409434687861987,0.0,0.0,0.0,0.0,0.0,0.0,0.0,0.0,0.0,0.0,0.0,0.0,0.0
cooling_coil_cop_kitchen,0.0052473657187807055,0.011406337992115892,0.0,0.000994530084535036,0.0013796909492274907,0.0014986886474333751,0.00613575354723257,0.011462016827216337,0.021442495126705714,0.02913501870536213,0.031770546056260444,0.018128726122399255,0.006019656019656131,0.001920368710792545,0.000990344144590224,0.0,0.0,0.0,0.0,0.0,0.0,0.0,0.0,0.0,0.0,0.0,0.0
cooling_setpoint,0.01573983284306861,0.08153556701533421,0.04282822391106675,0.07328298324286045,0.07447643979057607,0.07570380884788272,0.07940356406837189,0.08428852610860253,0.09149035108114381,0.09255226480836237,0.09166224110462039,0.08722885976104856,0.0767884233866262,0.07438016528925626,0.07369534555712266,0.08356569497253909,0.0737888683107516,0.06538830297219553,0.039337252805986024,0.017299532151017337,0.0038256434036633234,0.0010255241567912877,0.0003419972640219008,0.00432142022891853,0.03219207579672691,0.06819763395963813,0.08495188101487308
cooling_setpoint_kitchen,0.0795146773777175,0.15702530253025299,0.0028801642824822886,0.13517316017316025,0.140279603297885,0.1514892708444539,0.1594250245017968,0.16512618132724066,0.1692629377940409,0.16877761413843886,0.1756435831670941,0.16907559529998964,0.1616404048836481,0.14666373045584666,0.1350506574692822,0.003129890453834111,0.003998400639744159,0.00490869821323385,0.003579952267303238,0.001750547045951978,0.0004637143519592656,0.00011389521640080757,0.00034176349965824943,0.0010512790561850649,0.002618657937806973,0.006302093921528668,0.007629476707656353
cooling_setpoint_kitchen_setup,0.046161628936385396,0.0918615915653246,0.003936631529550783,0.07989955484533728,0.08484619263741792,0.0906823849467241,0.09529343404997098,0.09693251533742343,0.09545865341165842,0.09610086882814149,0.09134365582458699,0.09818426361802292,0.09743589743589753,0.08992428654630168,0.08532037518363654,0.00520652551197496,0.005786113328012752,0.007631347226298669,0.0051936810214239775,0.0017497812773402952,0.0006954909006607427,0.00034168564920274646,0.0,0.0004672897196260753,0.0031583532999345685,0.007305936073059349,0.007180683960147179
cooling_setpoint_setup,0.015764059617145307,0.030703408842740525,0.002604121152804253,0.014093062811323005,0.015622895622895577,0.01883124772202645,0.02530075654222984,0.03288930802782025,0.04255819421584769,0.05477512795382774,0.05646359583952445,0.04196459969522914,0.02340857518213314,0.018329177057356594,0.014993954050786082,0.010728303532490222,0.0007072850358693864,0.004837595024188065,0.004888647474198836,0.0021889022655138756,0.0009280742459396553,0.00011394712853241927,0.00034176349965824943,0.0009346886318494952,0.005014170481796313,0.0026672137874436306,0.0019132653061225214
dhw_kitchen,0.028239782622995587,0.0002692236005550054,0.054979417352754856,0.00012445550715607849,0.0,0.00012507817385872566,0.0005146680391146686,0.0002466699555993589,0.0004976362279172934,0.0005830903790087132,0.0006825938566553159,0.0004955401387511403,0.00012363996043510022,0.0001282544568424409,0.00024777006937557014,0.04990215264187875,0.05313243457573352,0.05806887238352461,0.05929986296250145,0.0589120080220607,0.057562524811433036,0.055368693402328605,0.05552679264820096,0.055371132651706303,0.05575561902396616,0.052740911713791194,0.05063419583967524
economizer_high_limit_dining,0.0032247387583338046,0.009205805946146499,0.0018396296328588605,0.00024878716258236124,0.0006905123601712079,0.0026217228464418697,0.006535947712418366,0.01394836657286187,0.021211000123319754,0.017954361172246,0.013797783306944117,0.02012763868433972,0.009713512848887152,0.00140917243146297,0.0004956015363646642,0.0006974108621741635,0.0001003512293026103,0.0024630541871921183,0.0033688328624212377,0.00339242722696435,0.0016222479721900414,0.0006833712984054929,0.0006835269993164989,0.002334539512081275,0.005017999345478433,0.0019415491518495578,0.00036156557895681136
economizer_high_limit_kitchen,0.0,0.0,0.0,0.0,0.0,0.0,0.0,0.0,0.0,0.0,0.0,0.0,0.0,0.0,0.0,0.0,0.0,0.0,0.0,0.0,0.0,0.0,0.0,0.0,0.0,0.0,0.0
economizer_lockout_dining,0.00026024661915991534,0.0009612999255768457,0.00033149556842756105,0.00024878716258236124,0.0,0.0008746719980008421,0.0005138746145941194,0.0012307692307691608,0.0024789291026276997,0.0020918070889017156,0.001248014522350799,0.0020987654320987863,0.0007406493025552681,0.00012823800974615435,0.0001239157372987003,0.0004358817888588367,0.00020066218521115704,0.00019719976336024473,0.0005438920918091087,0.0005477051155659039,0.00034794711203898327,0.00011392116655280378,0.00011396011396017226,0.0002337540906965407,0.0008739348918506937,0.0006133714986709065,0.000180766449746891
economizer_lockout_kitchen,0.0,0.0,0.0,0.0,0.0,0.0,0.0,0.0,0.0,0.0,0.0,0.0,0.0,0.0,0.0,0.0,0.0,0.0,0.0,0.0,0.0,0.0,0.0,0.0,0.0,0.0,0.0
economizer_type_dining,0.0008464877850393752,0.003680108857001536,0.0015527950310558769,0.0004974505658499197,0.00041425020712511926,0.0017478152309613056,0.002947584262463206,0.007096537379175312,0.00752250585768898,0.005328391057569718,0.004410766794842802,0.007977417771232273,0.004672322636173558,0.0014088114754098287,0.00037174721189592487,0.0016563507976636539,0.0002007024586052206,0.0016761979885624304,0.0023931252039596763,0.0024099025084895723,0.0006958942240779665,0.0004556846662110532,0.00034188034188035484,0.0010518934081346822,0.0036049814288836844,0.0027601717440195873,0.0009942154736080932
economizer_type_kitchen,0.001438828490697294,0.002534893586201949,0.0005146904878218282,0.0011198208286674555,0.0013814062715843945,0.0011255627813905604,0.0025706940874036356,0.0029574861367838456,0.0038518886679920756,0.0038430185163619225,0.0032943314779053305,0.003958926141284093,0.003211859172328661,0.0015390534821085617,0.0009913258983890742,0.0003487054310870198,0.0,0.0004929994084006819,0.0008702273468945121,0.000876328184905384,0.00034794711203898327,0.00011392116655280378,0.00011396011396017226,0.0004675081813932474,0.0010924186148132894,0.0008178286648946872,0.0005422993492408014
equipment_density_dining,0.09610944044678338,0.24877896334657795,0.0541772023011522,0.24369747899159655,0.24480038250059763,0.2461621621621621,0.24991684222197574,0.2521748355612138,0.255578093306288,0.255078554988492,0.25202933985330067,0.2514121283171694,0.24725216092199326,0.24397556912826207,0.2422386937372435,0.10146973345511925,0.09134477139844725,0.08165189515368655,0.04852008456659608,0.022928834090417374,0.006711409395973134,0.0019357777271690674,0.001821908449100394,0.008958696916812054,0.0425010651896037,0.08510222048322413,0.10597219838682004
equipment_density_kitchen,0.13958385690639816,0.2825160189053104,0.006273602143988337,0.27561177934467024,0.2775543041029767,0.27912772585669776,0.2846660995321141,0.28977561173723215,0.2907525117900348,0.28614167149199,0.2819304364219059,0.2880662644442172,0.2839771101573677,0.2772150549099051,0.2742668318876497,0.008337675872850388,0.008100810081007982,0.009033778476040864,0.00834778837814393,0.006340183646698713,0.0030116992934090714,0.000683293474547344,0.00045563275999551485,0.0033846872082166925,0.008497657696916888,0.008861275208800208,0.007838544012974055
ext_light_w,0.018132726751551247,0.038578820011410386,0.0,0.049644563570679465,0.04566150643944328,0.04111861594975707,0.034643734643734735,0.030209690794929477,0.025949062950504524,0.026984483921744903,0.029829545454545345,0.03723341581241912,0.043295600420118964,0.04814636494944632,0.05173012382826061,0.0,0.0,0.0,0.0,0.0,0.0,0.0,0.0,0.0,0.0,0.0,0.0
fan_eff_dining,0.013699464769457187,0.056651788820740186,0.024025479471024017,0.05401844532279304,0.05463246045460587,0.05544197233914611,0.05656415956527107,0.05796072864916022,0.05990234607597953,0.059408151870463353,0.05947064589913961,0.05806221800047495,0.05546977075662195,0.05419084063695841,0.05379935583919844,0.04622390239711312,0.04061416542843,0.03613519041589566,0.02212628170534281,0.01004147566033619,0.0035908722344492328,0.0013662757599909434,0.0012528473804100163,0.004434072345391011,0.01758384890915001,0.03755678950025239,0.04754273504273495
fan_eff_kitchen,0.00715534836365,0.015850395234628948,0.00024424284717393586,0.015890613451589135,0.01573617952928286,0.01524352460032227,0.01479403137354925,0.015271838729383019,0.01625615763546807,0.017418387357249866,0.018653781323744203,0.016184404119666592,0.014339992646157637,0.014874141876430227,0.015222194942302909,0.0003486446439467119,0.0004012438559533759,9.859016070201237e-05,0.00010877841836185266,0.00010955302366350915,0.0004638756813174794,0.00011392116655280378,0.00011394712853241927,0.00046739892498237954,0.0003277613897083048,0.00030665440049065866,0.00027117418421767275
fan_motor_eff_dining,0.0,0.0,0.0,0.0,0.0,0.0,0.0,0.0,0.0,0.0,0.0,0.0,0.0,0.0,0.0,0.0,0.0,0.0,0.0,0.0,0.0,0.0,0.0,0.0,0.0,0.0,0.0
fan_motor_eff_kitchen,0.0,0.0,0.0,0.0,0.0,0.0,0.0,0.0,0.0,0.0,0.0,0.0,0.0,0.0,0.0,0.0,0.0,0.0,0.0,0.0,0.0,0.0,0.0,0.0,0.0,0.0,0.0
fan_rise,0.027907774143027933,0.09255405249161758,0.03099132450502984,0.08915718597631771,0.08981958762886597,0.09060167910447772,0.09167165967645304,0.09429422548120994,0.09793755040903329,0.0968195586326266,0.09695115518514623,0.09551724137931038,0.0899239105372377,0.08830577522166297,0.08840546169868087,0.0606866952789699,0.0529336103690511,0.04612240926340367,0.02707659115426111,0.01265822784810123,0.004863925883034019,0.0018214936247722745,0.0015943514406104153,0.00594890936661618,0.021916024736899166,0.048416380875529526,0.061999644191425
foundation_type,0.0002791683621807996,0.0010439060691251768,0.00036638983878833605,0.0008702138239680903,0.0006902263942572772,0.0008746719980008421,0.0012836970474969002,0.0012307692307691608,0.0014888337468981433,0.0012793672947196955,0.001248014522350799,0.0013590313812700697,0.0009872886585215142,0.000896975909789946,0.0003716090672612552,0.00017432232197341787,0.0006021073758153765,0.000985998816801504,0.0006526705101708068,0.0001095410231132119,0.00011598237067971602,0.0,0.00011394712853241927,0.00023369946249118977,0.00021848372296275105,0.0005111429155591614,0.001265365148228494
gas_max_kitchen,0.45400176015533444,0.2697560549095042,0.4837527660723984,0.26043940055288817,0.25355526826115066,0.2586120100683208,0.26849037487335364,0.27685696746470234,0.28126702997275205,0.2801990938676537,0.27680409156115515,0.2813451519047297,0.2752754820936638,0.265336072791312,0.25229291017615374,0.4741639674341242,0.4765793023001495,0.48160479624795366,0.48536327972653653,0.4872351076255632,0.488235835808182,0.48893770769676825,0.48892110398661837,0.48864696734059093,0.48724628967790057,0.48175516460387546,0.47632967032967033
heat_sizing_factor,0.0,0.0,0.0,0.0,0.0,0.0,0.0,0.0,0.0,0.0,0.0,0.0,0.0,0.0,0.0,0.0,0.0,0.0,0.0,0.0,0.0,0.0,0.0,0.0,0.0,0.0,0.0
heating_coil_eff_dining,0.009237384237384324,0.0,0.01700162624251031,0.0,0.0,0.0,0.0,0.0,0.0,0.0,0.0,0.0,0.0,0.0,0.0,0.043670010377032144,0.036287508722958835,0.02082310185639922,0.009664458681724405,0.0037215411558669375,0.0010437202829642052,0.00022784233310544567,0.00022789425706483854,0.001168497312456115,0.006329113924050615,0.024119682475066195,0.03876873373418296
heating_coil_eff_kitchen,0.00022716839330422025,0.0,0.00041868011095024524,0.0,0.0,0.0,0.0,0.0,0.0,0.0,0.0,0.0,0.0,0.0,0.0,0.0005229669659200059,0.0005017057997190162,0.0005914826498422937,0.0005438329345224838,0.0005475851494907147,0.00011598237067971602,0.00011392116655280378,0.00011394712853241927,0.0002337267734018467,0.0005461496450026997,0.0006132461161079545,0.0005422013374299863
heating_setpoint,0.06859949302915071,0.013225426420119826,0.11242133264127675,0.004464285714285707,0.006870019236053861,0.009660639088432019,0.016378872524124,0.019798372403740987,0.020838440794312366,0.01407963069821118,0.013282305267897419,0.02084857351865391,0.01718254935413108,0.009785233193544237,0.004318322023442249,0.19784425525267513,0.17727231699611878,0.16168934440713917,0.10791871058163982,0.05922836287799798,0.023950056753688984,0.010266245487364583,0.010152284263959454,0.03099455040871939,0.09728255379331241,0.16724834680382067,0.19706262104583602
heating_setpoint_kitchen,0.0018896179664876255,0.00013450455763519824,0.003598560575769779,0.00024884907303733024,0.00027628125431683963,0.00037518759379673495,0.0,0.0,0.0,0.0,0.0,0.0,0.0,0.0001282544568424409,0.0007434944237918497,0.013671539122957897,0.011212542171065643,0.001771653543307014,0.00021750951604128352,0.0,0.0,0.0,0.0,0.0,0.0,0.0028542303771661687,0.008335574079053443
heating_setpoint_kitchen_setback,0.0003595777799858148,2.069300886693548e-05,0.0006799755906198001,0.0,0.0,0.0,0.0,0.0,0.0,0.0,0.0,0.0,0.0,0.0,0.00024783147459722454,0.002348234475561056,0.001703065517932153,0.0,0.0,0.0,0.0,0.0,0.0,0.0,0.0,0.001632986323739649,0.0016242555495397278
heating_setpoint_setback,0.0013516770720593569,9.311179623003976e-05,0.0024188426099137506,0.0004974505658499197,0.0005524098881368877,0.0,0.0,0.00024639645189104375,0.0001242390359049684,0.00011644154634362955,0.0,0.0,0.0001235177865611525,0.00025650891368469953,0.0001239157372987003,0.007955036748811083,0.0072680207088809635,0.00029577048210589703,0.00010877841836185266,0.0,0.00011598237067971602,0.00011392116655280378,0.0,0.0,0.00010924186148137553,0.004675747103069667,0.0063745735320523775
internal_mass_area_ratio,0.005669228843146611,0.024834742033849725,0.01066240633492804,0.02057663873829475,0.02093596059113302,0.020815264527319945,0.021921998470558233,0.023655651749786757,0.029299987740590738,0.033268326259034135,0.03367643768180791,0.027611484422724385,0.02155541947336197,0.02122251874444023,0.021344455348380705,0.014140713108354259,0.012679712460063858,0.019345383488031165,0.015115525804361969,0.009048293906028543,0.0035887937022459166,0.001366586949094688,0.0010251737099897871,0.003848396501457706,0.012915129151291489,0.015228426395939087,0.014924031286523516
lighting_density_dining,0.0690480152180854,0.17104952508944302,0.03010611454840821,0.16708666593623317,0.1679834690652728,0.1698527796088771,0.17194723193144662,0.17380515697486243,0.17647058823529418,0.1747147514262428,0.17295253259030746,0.1735832701267744,0.16985022791404392,0.16725014116318468,0.16602949208083018,0.060310117364859125,0.05243926525775234,0.04477466977466977,0.024143134296184466,0.010257529463116519,0.0034754402224281417,0.0014804691948524706,0.0013667425968108239,0.004201190337262218,0.02006725241349381,0.04892289108113549,0.0628160766569071
lighting_density_kitchen,0.02570114232498939,0.05752007100496225,0.0018387799564269281,0.0539489671931956,0.054619015509103315,0.056550883607556376,0.058978211870773775,0.0597480503899219,0.061888069624078376,0.05911721320776119,0.05877794996679214,0.06023370678231538,0.05871736253158459,0.05470706059088621,0.0524403536393363,0.0028725626740946928,0.0025045081146062914,0.0027561767890540516,0.0021727322107550555,0.0013136288998356906,0.0006956521739130699,0.0,0.00011394712853241927,0.0008177570093457148,0.0021829294913774592,0.002755664421310576,0.0028878260084830554
lighting_density_target,0.07823132325432178,0.18601836625339518,0.024340578272086452,0.17957589285714276,0.1814920202894965,0.18458961474036853,0.18735658558972004,0.1905075084950127,0.19381898454746124,0.1897893535332573,0.18849387217664335,0.19028206258263564,0.1858797573083288,0.18134834041575737,0.17770112384555467,0.04623931623931621,0.040701685227160694,0.036925760806357844,0.021954369349978544,0.009810333551340653,0.003473026163463732,0.0013662757599909434,0.001366586949094688,0.0044314868804664195,0.01829598354444081,0.03877838055053244,0.048322860430126506
night_cycle,0.0025794787086513434,0.005462954340875907,0.00014830064903329385,0.0006221226825931488,0.0009669843901092332,0.0010005002501250412,0.004241645244215916,0.006531115218730759,0.00956759443339973,0.011878420868755214,0.012722935362944502,0.009278733143634789,0.00457072266831383,0.0015390534821085617,0.0006195786864931494,0.0,0.0002007024586052206,0.0,0.0002175568367237053,0.000438164092452692,0.00011598237067971602,0.00011392116655280378,0.00011396011396017226,0.00011687704534835338,0.00021848372296275105,0.0,0.0
oa_area_dining,0.012977848976361556,0.0013423927634703481,0.025232239228523384,0.0,0.0001381215469613966,0.0003750000000000142,0.0007703171138785758,0.0015980331899200426,0.0029688273132113937,0.0032456242030833565,0.0024900962082625793,0.002956393200295751,0.0011098779134295648,0.00012822156686743052,0.0,0.05929386398346966,0.04942339373970357,0.0352041842687588,0.0171711612548155,0.007048458149779742,0.002556356030676259,0.0006839945280438016,0.00045610034207532784,0.0025773195876288525,0.012896825396825415,0.03843342036553532,0.05609824169690205
oa_area_kitchen,0.00044470306608574,0.0018382922471573318,0.0007240561099866767,0.00012440905697923496,0.00027620494406844386,0.0019970044932602444,0.0021803257663204016,0.0023358741086795883,0.0034670629024269577,0.0029029261495587553,0.0027189305539820426,0.003329223181257658,0.0019726297620514927,0.0007689350249904174,0.0004956629491946251,0.0012204690088048172,0.0007024586051179868,0.000788799053441119,0.0007614489285326595,0.0009858692080184403,0.0004639294827185345,0.00011392116655280378,0.0,0.0004675081813932474,0.0008739348918506937,0.0009200572480064323,0.0009942154736080932
oa_person_dining,0.24194120391973864,0.014444181719114707,0.3849507874587957,0.00037318074387363026,0.0015187077177966815,0.002747252747252733,0.007427327442694305,0.018948655256723682,0.036356959236136605,0.03340987370838113,0.022019997753061543,0.03267495732748101,0.011547911547911694,0.001538067162265962,0.0002478007681823321,0.5547346564295718,0.5212319714991669,0.4628935970970386,0.3736271573242048,0.27354441655194756,0.17196099256541458,0.09462809917355369,0.08792009156175219,0.19794417201056214,0.35332653952540394,0.47733413389372564,0.5397827734276333
oa_person_kitchen,0.00152304912542915,0.007203971473098656,0.003272325352688782,0.0017412935323383155,0.002622498274672156,0.004362457933441462,0.007179487179487209,0.009459459459459585,0.013978228599703236,0.01287852419074138,0.011321181931393637,0.012687854151268798,0.007761488234569366,0.002177811939533714,0.0011144130757801314,0.005296978117401871,0.004399999999999977,0.003736479842674628,0.002714735584754045,0.0026255333114538334,0.0025465910406296892,0.0017060964513194458,0.0013658092419759225,0.002915111940298507,0.0025089996727392164,0.0038743882544860875,0.004414812145238264
occupant_density_dining,0.06683710737764789,0.07446475301344815,0.060394275924963055,0.06213378906250004,0.06327055954477716,0.06435400833537631,0.07152734129478312,0.07556250752015403,0.08579023682938627,0.09376057768250032,0.10133948177426443,0.07932489451476792,0.06644076001452251,0.06252358787268837,0.0610631310059603,0.13525886465789913,0.11128254580520738,0.07731317577265331,0.04824794972840559,0.027888876878175314,0.011740331491712662,0.005558706749858299,0.004654330798047413,0.012520287502898195,0.03832939660725797,0.08017463782496526,0.11496746203904555
occupant_density_kitchen,0.0030143678568223028,0.005178728013617353,0.001194232814379712,0.006444416904201215,0.006740954739303823,0.007840696950840019,0.007930416986441603,0.00491159135559911,0.0017386984600099426,0.0026787794083392032,0.002497729336966381,0.001977750309023619,0.0067609096496619205,0.0070233686630059656,0.006297073712803938,0.0010454783063251834,0.0012031281331460833,0.0008869616635459092,0.0014130434782608202,0.001860363318012713,0.0012746234067207351,0.0004555289830316166,0.00045563275999551485,0.0015176278309595548,0.0016371971185331334,0.0012257405515832946,0.0015352659622505345
roof_base_cavity_insul,0.0017559387172654858,0.00044470184292723814,0.003620280549933582,0.00037313432835822305,0.00041425020712511926,0.0005000000000000782,0.0005138746145941194,0.00024639645189104375,0.00037262451869334414,0.0,0.000567665758401421,0.0012356357345855494,0.0011105626850938229,0.0003846153846153992,0.0001239157372987003,0.008194577630546577,0.006322127446061311,0.004831394202326907,0.0027194604590449253,0.000876328184905384,0.00023196474135926725,0.0,0.00011396011396017226,0.0,0.002512562814070395,0.005929257820486591,0.008224873463485147
roof_base_cont_insul,0.013237451755492598,0.0002275571737398128,0.0239570460646865,0.0002487562189055999,0.00027620494406844386,0.00012501562695325547,0.00025706940874030876,0.00024639645189104375,0.0004967709885741685,0.0026713124274098696,0.0013610071452875643,0.002720751916893382,0.002346548104236109,0.00012822156686743052,0.001855976243503978,0.05381054719788399,0.0459296193307125,0.03192506212961196,0.01543408360128615,0.0025136612021858357,0.0013919498898038551,0.0005696058327636951,0.0005697356426619344,0.0008174705126707133,0.015604821351700418,0.03887030112182644,0.056087551299589505
roof_base_type,3.312982157232416e-05,0.0008786801190870232,0.000680438272035708,0.0008702138239680903,0.0006902263942572772,0.0009995002498752186,0.0005138746145941194,0.0007388252678240127,0.001117041082288559,0.0006982427557314357,0.0013613159387408343,0.0011122095897182823,0.0011105626850938229,0.000896975909789946,0.0004954173891502607,0.0009589399354894904,0.0009031610637230648,0.0013803983435219933,0.0009790057652562102,0.000766787161792172,0.00011598237067971602,0.00011392116655280378,0.00011394712853241927,0.0,0.0007646930303693182,0.0007156000817827968,0.0010845986984816028
roof_emittance,0.00029336752799998623,0.0031778130868121176,0.0021367148663025397,0.0016151074667660015,0.0016556291390729103,0.0018728929953802681,0.0028208744710860223,0.003929755618322576,0.005317833292109728,0.005216786459540956,0.00531373657433577,0.00431300061614305,0.002341920374707232,0.001664745806121266,0.001114137162664068,0.003572673405367818,0.003509827517047677,0.003744949246082541,0.0025013594344753015,0.0013143483023000037,0.0004639294827185345,0.0002278682921271052,0.00011394712853241927,0.0004674535468036934,0.0016384489350080992,0.0029634171265073193,0.0037943807028638695
roof_exterior_type,0.0003217807726523425,0.0005481832380047024,0.00029653145413785064,0.0002488181139586467,0.00027628125431683963,0.00037509377344337506,0.0005140066820867649,0.0007390983000739378,0.0009934186017632968,0.0011636025133813627,0.0009082652134423058,0.0006183527083848275,0.00037050759540571985,0.0002564760194923087,0.0007433102081268864,0.0007841087297438875,0.0007019655034094783,0.0004928050463236463,0.0004350190320827216,0.00021905805038330802,0.00011598237067971602,0.00011392116655280378,0.00011394712853241927,0.00023369946249118977,0.00010922992900044681,0.0005109339873288081,0.0011743450767841884
roof_interior_type,0.00016091475304325081,7.24240323631303e-05,0.000261691047549422,0.00012440905697923496,0.00013814062715851796,0.00012504689258478323,0.0,0.00012322858903271862,0.0001242390359049684,0.00011645510655648207,0.0,0.00012370113805053334,0.0001235177865611525,0.00012823800974615435,0.0004956015363646642,0.0004358817888588367,0.0006018657839302064,0.00029579964504043715,0.0003262997607135212,0.00021905805038330802,0.00011598237067971602,0.00011392116655280378,0.0,0.00011686338670084032,0.0003277255844439713,0.00030665440049065866,0.0003615328994939105
roof_reflectance,0.000610506389020333,0.00398109754206006,0.0022377208334421164,0.0019900497512439154,0.001795580110497371,0.0021250000000000214,0.003725112395632525,0.004556650246305475,0.006826362169541978,0.00756077701523794,0.006695415342714519,0.00568603213844262,0.0027163847388566352,0.0021794871794872015,0.0013632420374271835,0.0030432136335971525,0.0036010803240972234,0.0042247985851837965,0.0033626206746935924,0.002077638053581167,0.0009271062695562928,0.00011392116655280378,0.00034180243819073873,0.0007007708479327525,0.0016364826532837822,0.002651708312085578,0.0030652722683015094
slab_insulation_extent,0.0,0.0,0.0,0.0,0.0,0.0,0.0,0.0,0.0,0.0,0.0,0.0,0.0,0.0,0.0,0.0,0.0,0.0,0.0,0.0,0.0,0.0,0.0,0.0,0.0,0.0,0.0
thermal_bridging,0.0,0.0,0.0,0.0,0.0,0.0,0.0,0.0,0.0,0.0,0.0,0.0,0.0,0.0,0.0,0.0,0.0,0.0,0.0,0.0,0.0,0.0,0.0,0.0,0.0,0.0,0.0
vestibule,0.007459189807035949,5.17298460519311e-05,0.013791960360108824,0.0012442453651861207,0.0013814062715843945,0.0010005002501250412,0.00038560411311055445,0.00012321340561841925,0.001736541801041932,0.002439591078066842,0.0021537066424846714,0.000988752935360256,0.0003705991352686984,0.0011542901115814213,0.001734820322180924,0.030947607008979142,0.02649272453587557,0.01902977716426747,0.0104427281627326,0.003833935808960549,0.0008118765947575178,0.0004556846662110532,0.00034188034188035484,0.0011687704534830356,0.007537688442211185,0.021263545287262303,0.030368763557483726
wall_base_cavity_insul,0.0009276657374232837,0.0007443937843119292,0.002329192546583716,0.00012440905697923496,0.00027628125431683963,0.0006249218847645465,0.0010272213662043952,0.001476559616094381,0.002231589387552599,0.0005819366852886075,0.00090795596413572,0.0014823965410747937,0.001480202294313437,0.0,0.0008674101610905501,0.004794699677447452,0.003311590566984571,0.0030565963320844237,0.0019580115305124204,0.001095410231131652,0.00011596892032941105,0.00034176349965824943,0.0,0.0004675081813932474,0.002512562814070395,0.00378245757513791,0.004699927693420065
wall_base_cont_insul,0.011329920161735679,0.00488030888030889,0.016704273445610325,0.007042253521126677,0.0067233809001097,0.007200496585971426,0.006131834440470158,0.005636564146550591,0.001116902457185448,0.0012793672947196955,0.001247872943845711,0.002344810563988618,0.004794099569760303,0.008015267175572462,0.007871110564506218,0.03679126417471647,0.029428961216137303,0.01839303000968046,0.011612903225806433,0.0056638710380132445,0.0009271062695562928,0.00022781637999783836,0.00022784233310544567,0.002448408534452533,0.013899364292640947,0.027059291683247104,0.036837063485152
wall_base_type,0.00031237723811184737,0.0019658358423606348,0.001593868396986591,0.0014930944382232742,0.0015195468987429124,0.0016258129064531698,0.00244215938303339,0.0018484288354899037,0.001988071570576675,0.0027949225573542457,0.00227195274338297,0.002226895954472258,0.0021000617665225658,0.0015390534821085617,0.001363073110284999,0.0035615010423906425,0.0035996400359963945,0.0021645021645021532,0.0011953923060204243,0.0005475851494907147,0.00034782608695653494,0.0004556846662110532,0.00011394712853241927,0.00011686338670084032,0.0008736485748607437,0.0028542303771661687,0.003692030616839231
wall_exterior_type,0.0004685436810494346,0.001200045518967928,0.00054068195691996,0.0009952724558347636,0.0011051250172675548,0.0013755158184319048,0.001156663667909053,0.00086260012322868,0.0011181513231455983,0.0017466231951559325,0.001363016810540715,0.0013605442176870678,0.0009880202544151945,0.0011541420877148423,0.0016105054509414699,0.0013936068286734308,0.0012027663626339616,0.0009853187506157683,0.0005437146585471636,0.00032858707557503985,0.00034786641929500394,0.00022784233310544567,0.00011394712853241927,0.0002337267734018467,0.0005462093074067223,0.0008174108511290313,0.001084010840108442
wall_interior_type,0.0003075496337794022,0.00045503904028135325,0.00018316136516274007,0.00024878716258236124,0.00027620494406844386,0.00025006251562903513,0.0003854554798920871,0.0006157635467979945,0.0009930486593842886,0.00034924330616997826,0.0004541841716815266,0.0006181998021760282,0.0006172839506172488,0.00025644313373504325,0.0003716090672612552,0.0003485838779956972,0.0004012438559533759,0.00039424403705886105,0.00010876658690440402,0.0,0.0,0.00011392116655280378,0.00011396011396017226,0.00011686338670084032,0.00010922992900044681,0.00040874718986313356,0.0006324539212143783
water_heater_eff,0.026963960410915304,0.0,0.049365206254244,0.0,0.0,0.0,0.0,0.0,0.0,0.0,0.0,0.0,0.0,0.0,0.0,0.0454076367389061,0.04768500197863072,0.05155339805825245,0.052682300032123375,0.05251240025878791,0.05139920045688178,0.04983164983164981,0.04984843381609968,0.04997121473805399,0.05015066724063707,0.04766703617857507,0.04555991440798859
water_heater_fuel,0.0,0.20960566559264648,0.22359376090445945,0.22676544160092355,0.22907348242811507,0.22855764592378205,0.22020647489225217,0.2111402741324001,0.19984092264863784,0.1874526873580621,0.18384943445206747,0.19339387286697932,0.20434440731275794,0.21313957008779902,0.22044049459041726,0.20538749891029542,0.21595584545910695,0.23358311970025633,0.23909496355922988,0.23781356117866148,0.2331245650661099,0.22567783094098887,0.22598290598290596,0.22639083683964475,0.2271138300196636,0.21590676753220192,0.20625451916124374
window_shgc,0.0001845315265015059,0.008869499007068852,0.0071576420657146495,0.006073376301437891,0.006193228736581377,0.0067239447142324275,0.008056265984654854,0.009432806566213354,0.01147156778092997,0.013398013398013359,0.013629195764811985,0.011179361179361311,0.007377351530800373,0.006259580991313169,0.005557613931085622,0.011969815248503856,0.013965087281795567,0.012649539125318751,0.008453451826162361,0.003281557646029284,0.0012750666512113067,0.0004556846662110532,0.0006835269993164989,0.0009344702721644469,0.004905701515316721,0.009874783670976267,0.012229116086682848
window_transmittance,0.0,0.0,0.0,0.0,0.0,0.0,0.0,0.0,0.0,0.0,0.0,0.0,0.0,0.0,0.0,0.0,0.0,0.0,0.0,0.0,0.0,0.0,0.0,0.0,0.0,0.0,0.0
window_u,0.005683215130023632,0.0023542288351729767,0.008495198555641814,0.002608695652173835,0.0026206896551723823,0.002247191011235863,0.002180885182809515,0.001598819333415268,0.0021070897372335363,0.0023228803716607276,0.002492070684186666,0.0024682216463038733,0.002096177558569513,0.0025608194622277675,0.003216229589312285,0.01794425087108016,0.01414668405738935,0.009861932938856016,0.005332462727173739,0.003396515832146404,0.002551612154952434,0.0012532756066993213,0.0006836827711941917,0.002336994624912396,0.006444565811032261,0.013383735185941993,0.017968397291196342
